<?xml version="1.0"?>
<config>
    <tabs>
        <templates_master>
            <label>Templates-master</label>
            <sort_order>195</sort_order>
        </templates_master>
    </tabs>
    <sections>
        <tmcore>
            <label>Core</label>
            <tab>templates_master</tab>
            <frontend_type>text</frontend_type>
            <sort_order>11</sort_order>
            <show_in_default>1</show_in_default>
            <show_in_website>1</show_in_website>
            <show_in_store>1</show_in_store>
            <groups>
                <troubleshooting translate="label comment" module="tmcore">
                    <label>Troubleshooting</label>
                    <frontend_type>text</frontend_type>
                    <frontend_model>tmcore/adminhtml_system_config_form_fieldset_troubleshooting</frontend_model>
                    <sort_order>10</sort_order>
                    <show_in_default>1</show_in_default>
                    <show_in_website>0</show_in_website>
                    <show_in_store>0</show_in_store>
                </troubleshooting>
                <modules translate="label" module="tmcore">
                    <label>Modules Information</label>
                    <frontend_type>text</frontend_type>
                    <frontend_model>tmcore/adminhtml_system_config_form_fieldset_modules_list</frontend_model>
                    <sort_order>20</sort_order>
                    <show_in_default>1</show_in_default>
                    <show_in_website>0</show_in_website>
                    <show_in_store>0</show_in_store>
                </modules>
                <notification translate="label" module="adminnotification">
                    <label>Notifications</label>
                    <frontend_type>text</frontend_type>
                    <sort_order>30</sort_order>
                    <show_in_default>1</show_in_default>
                    <show_in_website>0</show_in_website>
                    <show_in_store>0</show_in_store>
                    <fields>
                        <!-- <use_https translate="label">
                            <label>Use HTTPS to Get Feed</label>
                            <frontend_type>select</frontend_type>
                            <source_model>adminhtml/system_config_source_yesno</source_model>
                            <sort_order>1</sort_order>
                            <show_in_default>1</show_in_default>
                            <show_in_website>0</show_in_website>
                            <show_in_store>0</show_in_store>
                        </use_https> -->
                        <frequency translate="label">
                            <label>Update Frequency</label>
                            <frontend_type>select</frontend_type>
                            <source_model>adminhtml/system_config_source_notification_frequency</source_model>
                            <sort_order>2</sort_order>
                            <show_in_default>1</show_in_default>
                            <show_in_website>0</show_in_website>
                            <show_in_store>0</show_in_store>
                        </frequency>
                        <last_update translate="label">
                            <label>Last Update</label>
                            <frontend_type>label</frontend_type>
                            <frontend_model>tmcore/adminhtml_system_config_form_field_notification</frontend_model>
                            <sort_order>3</sort_order>
                            <show_in_default>1</show_in_default>
                            <show_in_website>0</show_in_website>
                            <show_in_store>0</show_in_store>
                        </last_update>
                    </fields>
                </notification>
            </groups>
        </tmcore>
    </sections>
</config>
