<?xml version="1.0"?>
<config>
    <tabs>
        <templates_master>
            <label>Templates-master</label>
            <sort_order>195</sort_order>
        </templates_master>
    </tabs>
    <sections>
        <checkoutfields translate="label" module="checkoutfields">
            <label>Checkout Fields</label>
            <tab>templates_master</tab>
            <frontend_type>text</frontend_type>
            <sort_order>55</sort_order>
            <show_in_default>1</show_in_default>
            <show_in_website>1</show_in_website>
            <show_in_store>1</show_in_store>
            <groups>
                <print translate="label" module="checkoutfields">
                    <label>Print settings</label>
                    <sort_order>5</sort_order>
                    <show_in_default>1</show_in_default>
                    <show_in_website>1</show_in_website>
                    <show_in_store>1</show_in_store>
                    <fields>
                        <pdf_invoice translate="label" module="sales">
                            <label>PDF Invoices</label>
                            <frontend_type>select</frontend_type>
                            <source_model>adminhtml/system_config_source_yesno</source_model>
                            <sort_order>10</sort_order>
                            <show_in_default>1</show_in_default>
                            <show_in_website>1</show_in_website>
                            <show_in_store>1</show_in_store>
                        </pdf_invoice>
                        <pdf_packingslip translate="label" module="sales">
                            <label>PDF Packingslips</label>
                            <frontend_type>select</frontend_type>
                            <source_model>adminhtml/system_config_source_yesno</source_model>
                            <sort_order>20</sort_order>
                            <show_in_default>1</show_in_default>
                            <show_in_website>1</show_in_website>
                            <show_in_store>1</show_in_store>
                        </pdf_packingslip>
                    </fields>
                </print>
                <tm_field1 translate="label" module="checkoutfields">
                    <label>Field #1</label>
                    <sort_order>10</sort_order>
                    <show_in_default>1</show_in_default>
                    <show_in_website>1</show_in_website>
                    <show_in_store>1</show_in_store>
                    <fields>
                        <status translate="label" module="checkoutfields">
                            <label>Show Field</label>
                            <frontend_type>select</frontend_type>
                            <source_model>adminhtml/system_config_source_nooptreq</source_model>
                            <sort_order>10</sort_order>
                            <show_in_default>1</show_in_default>
                            <show_in_website>1</show_in_website>
                            <show_in_store>1</show_in_store>
                        </status>
                        <type translate="label" module="adminhtml">
                            <label>Type</label>
                            <frontend_type>select</frontend_type>
                            <source_model>checkoutfields/adminhtml_system_config_source_fieldtype</source_model>
                            <sort_order>20</sort_order>
                            <show_in_default>1</show_in_default>
                            <show_in_website>1</show_in_website>
                            <show_in_store>1</show_in_store>
                        </type>
                        <options translate="label comment" module="checkoutfields">
                            <label>Options</label>
                            <comment><![CDATA[This option affects select elements only]]></comment>
                            <frontend_model>checkoutfields/adminhtml_system_config_form_field_options</frontend_model>
                            <backend_model>adminhtml/system_config_backend_serialized_array</backend_model>
                            <sort_order>30</sort_order>
                            <show_in_default>1</show_in_default>
                            <show_in_website>1</show_in_website>
                            <show_in_store>1</show_in_store>
                        </options>
                        <label translate="label" module="catalog">
                            <label>Label</label>
                            <frontend_type>text</frontend_type>
                            <sort_order>40</sort_order>
                            <show_in_default>1</show_in_default>
                            <show_in_website>1</show_in_website>
                            <show_in_store>1</show_in_store>
                        </label>
                        <description translate="label" module="adminhtml">
                            <label>Description</label>
                            <frontend_type>text</frontend_type>
                            <sort_order>50</sort_order>
                            <show_in_default>1</show_in_default>
                            <show_in_website>1</show_in_website>
                            <show_in_store>1</show_in_store>
                        </description>
                    </fields>
                </tm_field1>
                <tm_field2 translate="label" module="checkoutfields">
                    <label>Field #2</label>
                    <sort_order>20</sort_order>
                    <show_in_default>1</show_in_default>
                    <show_in_website>1</show_in_website>
                    <show_in_store>1</show_in_store>
                    <fields>
                        <status translate="label" module="checkoutfields">
                            <label>Show Field</label>
                            <frontend_type>select</frontend_type>
                            <source_model>adminhtml/system_config_source_nooptreq</source_model>
                            <sort_order>10</sort_order>
                            <show_in_default>1</show_in_default>
                            <show_in_website>1</show_in_website>
                            <show_in_store>1</show_in_store>
                        </status>
                        <type translate="label" module="adminhtml">
                            <label>Type</label>
                            <frontend_type>select</frontend_type>
                            <source_model>checkoutfields/adminhtml_system_config_source_fieldtype</source_model>
                            <sort_order>20</sort_order>
                            <show_in_default>1</show_in_default>
                            <show_in_website>1</show_in_website>
                            <show_in_store>1</show_in_store>
                        </type>
                        <options translate="label comment" module="checkoutfields">
                            <label>Options</label>
                            <comment><![CDATA[This option affects select elements only]]></comment>
                            <frontend_model>checkoutfields/adminhtml_system_config_form_field_options</frontend_model>
                            <backend_model>adminhtml/system_config_backend_serialized_array</backend_model>
                            <sort_order>30</sort_order>
                            <show_in_default>1</show_in_default>
                            <show_in_website>1</show_in_website>
                            <show_in_store>1</show_in_store>
                        </options>
                        <label translate="label" module="catalog">
                            <label>Label</label>
                            <frontend_type>text</frontend_type>
                            <sort_order>40</sort_order>
                            <show_in_default>1</show_in_default>
                            <show_in_website>1</show_in_website>
                            <show_in_store>1</show_in_store>
                        </label>
                        <description translate="label" module="adminhtml">
                            <label>Description</label>
                            <frontend_type>text</frontend_type>
                            <sort_order>50</sort_order>
                            <show_in_default>1</show_in_default>
                            <show_in_website>1</show_in_website>
                            <show_in_store>1</show_in_store>
                        </description>
                    </fields>
                </tm_field2>
                <tm_field3 translate="label" module="checkoutfields">
                    <label>Field #3</label>
                    <sort_order>30</sort_order>
                    <show_in_default>1</show_in_default>
                    <show_in_website>1</show_in_website>
                    <show_in_store>1</show_in_store>
                    <fields>
                        <status translate="label" module="checkoutfields">
                            <label>Show Field</label>
                            <frontend_type>select</frontend_type>
                            <source_model>adminhtml/system_config_source_nooptreq</source_model>
                            <sort_order>10</sort_order>
                            <show_in_default>1</show_in_default>
                            <show_in_website>1</show_in_website>
                            <show_in_store>1</show_in_store>
                        </status>
                        <type translate="label" module="adminhtml">
                            <label>Type</label>
                            <frontend_type>select</frontend_type>
                            <source_model>checkoutfields/adminhtml_system_config_source_fieldtype</source_model>
                            <sort_order>20</sort_order>
                            <show_in_default>1</show_in_default>
                            <show_in_website>1</show_in_website>
                            <show_in_store>1</show_in_store>
                        </type>
                        <options translate="label comment" module="checkoutfields">
                            <label>Options</label>
                            <comment><![CDATA[This option affects select elements only]]></comment>
                            <frontend_model>checkoutfields/adminhtml_system_config_form_field_options</frontend_model>
                            <backend_model>adminhtml/system_config_backend_serialized_array</backend_model>
                            <sort_order>30</sort_order>
                            <show_in_default>1</show_in_default>
                            <show_in_website>1</show_in_website>
                            <show_in_store>1</show_in_store>
                        </options>
                        <label translate="label" module="catalog">
                            <label>Label</label>
                            <frontend_type>text</frontend_type>
                            <sort_order>40</sort_order>
                            <show_in_default>1</show_in_default>
                            <show_in_website>1</show_in_website>
                            <show_in_store>1</show_in_store>
                        </label>
                        <description translate="label" module="adminhtml">
                            <label>Description</label>
                            <frontend_type>text</frontend_type>
                            <sort_order>50</sort_order>
                            <show_in_default>1</show_in_default>
                            <show_in_website>1</show_in_website>
                            <show_in_store>1</show_in_store>
                        </description>
                    </fields>
                </tm_field3>
                <tm_field4 translate="label" module="checkoutfields">
                    <label>Field #4</label>
                    <sort_order>40</sort_order>
                    <show_in_default>1</show_in_default>
                    <show_in_website>1</show_in_website>
                    <show_in_store>1</show_in_store>
                    <fields>
                        <status translate="label" module="checkoutfields">
                            <label>Show Field</label>
                            <frontend_type>select</frontend_type>
                            <source_model>adminhtml/system_config_source_nooptreq</source_model>
                            <sort_order>10</sort_order>
                            <show_in_default>1</show_in_default>
                            <show_in_website>1</show_in_website>
                            <show_in_store>1</show_in_store>
                        </status>
                        <type translate="label" module="adminhtml">
                            <label>Type</label>
                            <frontend_type>select</frontend_type>
                            <source_model>checkoutfields/adminhtml_system_config_source_fieldtype</source_model>
                            <sort_order>20</sort_order>
                            <show_in_default>1</show_in_default>
                            <show_in_website>1</show_in_website>
                            <show_in_store>1</show_in_store>
                        </type>
                        <options translate="label comment" module="checkoutfields">
                            <label>Options</label>
                            <comment><![CDATA[This option affects select elements only]]></comment>
                            <frontend_model>checkoutfields/adminhtml_system_config_form_field_options</frontend_model>
                            <backend_model>adminhtml/system_config_backend_serialized_array</backend_model>
                            <sort_order>30</sort_order>
                            <show_in_default>1</show_in_default>
                            <show_in_website>1</show_in_website>
                            <show_in_store>1</show_in_store>
                        </options>
                        <label translate="label" module="catalog">
                            <label>Label</label>
                            <frontend_type>text</frontend_type>
                            <sort_order>40</sort_order>
                            <show_in_default>1</show_in_default>
                            <show_in_website>1</show_in_website>
                            <show_in_store>1</show_in_store>
                        </label>
                        <description translate="label" module="adminhtml">
                            <label>Description</label>
                            <frontend_type>text</frontend_type>
                            <sort_order>50</sort_order>
                            <show_in_default>1</show_in_default>
                            <show_in_website>1</show_in_website>
                            <show_in_store>1</show_in_store>
                        </description>
                    </fields>
                </tm_field4>
                <tm_field5 translate="label" module="checkoutfields">
                    <label>Field #5</label>
                    <sort_order>50</sort_order>
                    <show_in_default>1</show_in_default>
                    <show_in_website>1</show_in_website>
                    <show_in_store>1</show_in_store>
                    <fields>
                        <status translate="label" module="checkoutfields">
                            <label>Show Field</label>
                            <frontend_type>select</frontend_type>
                            <source_model>adminhtml/system_config_source_nooptreq</source_model>
                            <sort_order>10</sort_order>
                            <show_in_default>1</show_in_default>
                            <show_in_website>1</show_in_website>
                            <show_in_store>1</show_in_store>
                        </status>
                        <type translate="label" module="adminhtml">
                            <label>Type</label>
                            <frontend_type>select</frontend_type>
                            <source_model>checkoutfields/adminhtml_system_config_source_fieldtype</source_model>
                            <sort_order>20</sort_order>
                            <show_in_default>1</show_in_default>
                            <show_in_website>1</show_in_website>
                            <show_in_store>1</show_in_store>
                        </type>
                        <options translate="label comment" module="checkoutfields">
                            <label>Options</label>
                            <comment><![CDATA[This option affects select elements only]]></comment>
                            <frontend_model>checkoutfields/adminhtml_system_config_form_field_options</frontend_model>
                            <backend_model>adminhtml/system_config_backend_serialized_array</backend_model>
                            <sort_order>30</sort_order>
                            <show_in_default>1</show_in_default>
                            <show_in_website>1</show_in_website>
                            <show_in_store>1</show_in_store>
                        </options>
                        <label translate="label" module="catalog">
                            <label>Label</label>
                            <frontend_type>text</frontend_type>
                            <sort_order>40</sort_order>
                            <show_in_default>1</show_in_default>
                            <show_in_website>1</show_in_website>
                            <show_in_store>1</show_in_store>
                        </label>
                        <description translate="label" module="adminhtml">
                            <label>Description</label>
                            <frontend_type>text</frontend_type>
                            <sort_order>50</sort_order>
                            <show_in_default>1</show_in_default>
                            <show_in_website>1</show_in_website>
                            <show_in_store>1</show_in_store>
                        </description>
                    </fields>
                </tm_field5>
            </groups>
        </checkoutfields>
    </sections>
</config>